{
    "accuracy": [
        0.5750937461853027,
        0.6171718835830688,
        0.6309687495231628,
        0.6409843564033508,
        0.6451718807220459,
        0.6509843468666077,
        0.6551406383514404,
        0.6543750166893005,
        0.6587656140327454,
        0.660406231880188,
        0.6608750224113464,
        0.6616718769073486,
        0.6657031178474426,
        0.6646406054496765,
        0.6692812442779541,
        0.6704218983650208,
        0.6711562275886536,
        0.671875,
        0.6730781197547913,
        0.6742343902587891,
        0.676156222820282,
        0.679562509059906,
        0.6787031292915344,
        0.6804375052452087,
        0.6834843754768372,
        0.6841250061988831,
        0.6847344040870667,
        0.6861093640327454,
        0.6852343678474426,
        0.688281238079071,
        0.6888437271118164,
        0.6890156269073486,
        0.6878593564033508,
        0.6901718974113464,
        0.6882968544960022,
        0.6918125152587891,
        0.6916406154632568,
        0.6927187442779541,
        0.6936874985694885,
        0.6948593854904175,
        0.6954531073570251,
        0.6948750019073486,
        0.6969531178474426,
        0.6963906288146973,
        0.695062518119812,
        0.6965937614440918,
        0.6968437433242798,
        0.6994218826293945,
        0.7000625133514404,
        0.6982499957084656,
        0.7016718983650208,
        0.6990468502044678,
        0.7005468606948853,
        0.7009843587875366,
        0.7041875123977661,
        0.7011093497276306,
        0.7013280987739563,
        0.7038124799728394,
        0.7057968974113464,
        0.7051874995231628,
        0.7075312733650208,
        0.7050468921661377,
        0.7070156335830688,
        0.7060624957084656,
        0.7055937647819519,
        0.7075155973434448,
        0.7058437466621399,
        0.7072499990463257,
        0.7081875205039978,
        0.7104531526565552,
        0.7072031497955322,
        0.7082968950271606,
        0.7077343463897705,
        0.7096250057220459,
        0.7072656154632568,
        0.7108906507492065,
        0.7095780968666077,
        0.7089218497276306
    ],
    "loss": [
        0.6728218793869019,
        0.647892951965332,
        0.6374536156654358,
        0.630248486995697,
        0.627115786075592,
        0.6231837272644043,
        0.6194124817848206,
        0.6173061728477478,
        0.6156107783317566,
        0.6136714816093445,
        0.6119975447654724,
        0.6096780300140381,
        0.6080951690673828,
        0.6070926189422607,
        0.6057284474372864,
        0.6044295430183411,
        0.6036498546600342,
        0.6019790768623352,
        0.6004716753959656,
        0.5992297530174255,
        0.5968251824378967,
        0.5961600542068481,
        0.5944409370422363,
        0.5944923758506775,
        0.5926985740661621,
        0.5915548205375671,
        0.5901634693145752,
        0.5908494591712952,
        0.5888892412185669,
        0.5873827934265137,
        0.5867680907249451,
        0.5859713554382324,
        0.5848125219345093,
        0.5835376381874084,
        0.583710253238678,
        0.5820282101631165,
        0.5813732147216797,
        0.5799635052680969,
        0.5796053409576416,
        0.5783408284187317,
        0.5776069760322571,
        0.577149510383606,
        0.5760324597358704,
        0.5758990049362183,
        0.5753659009933472,
        0.5755597949028015,
        0.574508547782898,
        0.5731960535049438,
        0.57342928647995,
        0.5728716850280762,
        0.5704078078269958,
        0.5707610845565796,
        0.5710042715072632,
        0.5704454779624939,
        0.5690805315971375,
        0.5697118043899536,
        0.5688840746879578,
        0.5673094987869263,
        0.5663886666297913,
        0.5671024322509766,
        0.565464198589325,
        0.5648695826530457,
        0.5650209188461304,
        0.5633638501167297,
        0.5653074383735657,
        0.564666748046875,
        0.5630264282226562,
        0.5614727139472961,
        0.5626691579818726,
        0.5611532330513,
        0.5616763234138489,
        0.5602191686630249,
        0.5609042644500732,
        0.5594121217727661,
        0.5602365136146545,
        0.5588420033454895,
        0.5596708059310913,
        0.5592882633209229
    ],
    "val_accuracy": [
        0.616937518119812,
        0.6338750123977661,
        0.6372500061988831,
        0.6469374895095825,
        0.6451249718666077,
        0.6529374718666077,
        0.6505625247955322,
        0.6625624895095825,
        0.6617500185966492,
        0.6549375057220459,
        0.6585624814033508,
        0.6619374752044678,
        0.6625000238418579,
        0.6508749723434448,
        0.6657500267028809,
        0.6723124980926514,
        0.6742500066757202,
        0.6731250286102295,
        0.671999990940094,
        0.672249972820282,
        0.6634374856948853,
        0.6771875023841858,
        0.6706874966621399,
        0.6798750162124634,
        0.6743124723434448,
        0.6763749718666077,
        0.6778749823570251,
        0.6789374947547913,
        0.682687520980835,
        0.6618750095367432,
        0.6813125014305115,
        0.6823124885559082,
        0.6810625195503235,
        0.6792500019073486,
        0.6843125224113464,
        0.6851875185966492,
        0.6832500100135803,
        0.6810625195503235,
        0.6808124780654907,
        0.6791250109672546,
        0.6816250085830688,
        0.6865624785423279,
        0.6880000233650208,
        0.6819375157356262,
        0.6855624914169312,
        0.6868125200271606,
        0.6769375205039978,
        0.6870625019073486,
        0.6868125200271606,
        0.679437518119812,
        0.6894999742507935,
        0.6875625252723694,
        0.687125027179718,
        0.6885625123977661,
        0.6836249828338623,
        0.682937502861023,
        0.6908125281333923,
        0.6898124814033508,
        0.6856250166893005,
        0.6905624866485596,
        0.6886875033378601,
        0.6826249957084656,
        0.6888124942779541,
        0.6876875162124634,
        0.6822500228881836,
        0.6866875290870667,
        0.6816874742507935,
        0.6866875290870667,
        0.6886875033378601,
        0.6813125014305115,
        0.6888124942779541,
        0.6849374771118164,
        0.6858124732971191,
        0.6853749752044678,
        0.687749981880188,
        0.6801875233650208,
        0.6831250190734863,
        0.6825624704360962
    ],