{
    "accuracy": [
        0.5787343978881836,
        0.6141250133514404,
        0.6300156116485596,
        0.6410937309265137,
        0.6479687690734863,
        0.6532343626022339,
        0.658859372138977,
        0.6615312695503235,
        0.6659530997276306,
        0.6665624976158142,
        0.6709843873977661,
        0.6712656021118164,
        0.6747499704360962,
        0.6759374737739563,
        0.6775156259536743,
        0.6776718497276306,
        0.6775468587875366,
        0.6797968745231628,
        0.6807031035423279,
        0.6830312609672546,
        0.6826562285423279,
        0.683718740940094,
        0.6839531064033508,
        0.6836562752723694,
        0.6844843626022339,
        0.6862187385559082,
        0.687375009059906,
        0.690750002861023,
        0.6877655982971191,
        0.6899062395095825,
        0.6918593645095825,
        0.6908437609672546,
        0.6881250143051147,
        0.6920781135559082,
        0.6904531121253967,
        0.6913281083106995,
        0.6949531435966492,
        0.6951406002044678,
        0.6949062347412109,
        0.6964062452316284,
        0.6946718692779541,
        0.6935937404632568,
        0.6943593621253967,
        0.6981562376022339,
        0.6965937614440918,
        0.6972968578338623,
        0.7007812261581421,
        0.6988593935966492,
        0.6998281478881836,
        0.6997656226158142,
        0.7006718516349792,
        0.7001093626022339,
        0.7006718516349792,
        0.7019374966621399,
        0.7005000114440918,
        0.7020624876022339,
        0.7014374732971191,
        0.7051406502723694,
        0.704828143119812,
        0.7050625085830688,
        0.7055781483650208,
        0.703499972820282,
        0.7046874761581421,
        0.7064531445503235,
        0.7028594017028809,
        0.7054843902587891,
        0.7059687376022339,
        0.706375002861023,
        0.7066093683242798,
        0.7072656154632568,
        0.7073593735694885,
        0.7092656493186951,
        0.7074999809265137,
        0.7081875205039978,
        0.7095468640327454,
        0.7081719040870667
    ],
    "loss": [
        0.6718973517417908,
        0.6492397785186768,
        0.6382295489311218,
        0.629083514213562,
        0.6239280104637146,
        0.6192036867141724,
        0.6154171824455261,
        0.6124736070632935,
        0.6087034940719604,
        0.6064446568489075,
        0.6041938662528992,
        0.6038667559623718,
        0.5995675921440125,
        0.5986037254333496,
        0.5969358086585999,
        0.597458004951477,
        0.5962367653846741,
        0.5955393314361572,
        0.5930637717247009,
        0.591691792011261,
        0.5906457901000977,
        0.5894917845726013,
        0.5886061787605286,
        0.588924765586853,
        0.5878164768218994,
        0.5860506296157837,
        0.5863334536552429,
        0.5845284461975098,
        0.5847682356834412,
        0.5820693373680115,
        0.5813849568367004,
        0.5811393857002258,
        0.5810269713401794,
        0.5799644589424133,
        0.5799190402030945,
        0.5792654752731323,
        0.5772483944892883,
        0.576834499835968,
        0.5758427381515503,
        0.5741792321205139,
        0.575814962387085,
        0.5758219361305237,
        0.5731627345085144,
        0.5737928152084351,
        0.5736916065216064,
        0.5729768872261047,
        0.5716855525970459,
        0.5702342391014099,
        0.5714522004127502,
        0.5701663494110107,
        0.5686721205711365,
        0.5705971121788025,
        0.5690498948097229,
        0.5683943033218384,
        0.5684787631034851,
        0.5679642558097839,
        0.5674980878829956,
        0.5647897124290466,
        0.5667505264282227,
        0.5650517344474792,
        0.564611554145813,
        0.5651859045028687,
        0.5632398128509521,
        0.5628404021263123,
        0.5626764297485352,
        0.5640901923179626,
        0.5624671578407288,
        0.561607301235199,
        0.5607589483261108,
        0.5606417655944824,
        0.5596985816955566,
        0.5597127676010132,
        0.5606977343559265,
        0.5600478053092957,
        0.5580663681030273,
        0.5594595074653625
    ],
    "val_accuracy": [
        0.609250009059906,
        0.6242499947547913,
        0.6430624723434448,
        0.6464999914169312,
        0.656499981880188,
        0.6595625281333923,
        0.664312481880188,
        0.667187511920929,
        0.6689375042915344,
        0.6681249737739563,
        0.6679375171661377,
        0.6776250004768372,
        0.6759374737739563,
        0.6758124828338623,
        0.6696249842643738,
        0.6711875200271606,
        0.6755625009536743,
        0.6735000014305115,
        0.672124981880188,
        0.6779375076293945,
        0.6790624856948853,
        0.6780624985694885,
        0.6841874718666077,
        0.6841250061988831,
        0.6819375157356262,
        0.6833124756813049,
        0.6818749904632568,
        0.6803125143051147,
        0.6821874976158142,
        0.6836875081062317,
        0.6806250214576721,
        0.6676250100135803,
        0.6848750114440918,
        0.6804999709129333,
        0.684499979019165,
        0.6813750267028809,
        0.6863124966621399,
        0.6811875104904175,
        0.676437497138977,
        0.6818125247955322,
        0.6856250166893005,
        0.6846250295639038,
        0.6853125095367432,
        0.6822500228881836,
        0.6888750195503235,
        0.6860625147819519,
        0.6892499923706055,
        0.6840624809265137,
        0.682687520980835,
        0.6733750104904175,
        0.6838124990463257,
        0.687125027179718,
        0.6798750162124634,
        0.6858749985694885,
        0.6846250295639038,
        0.687624990940094,
        0.6870625019073486,
        0.6846250295639038,
        0.6855624914169312,
        0.6828749775886536,
        0.6880624890327454,
        0.6788125038146973,
        0.6880000233650208,
        0.6888124942779541,
        0.6887500286102295,
        0.6834375262260437,
        0.6890000104904175,
        0.6813125014305115,
        0.6854375004768372,
        0.6860625147819519,
        0.6874374747276306,
        0.6844375133514404,
        0.6800000071525574,
        0.684499979019165,
        0.6841250061988831,
        0.6867499947547913
    ],