{
    "accuracy": [
        0.5751875042915344,
        0.615109384059906,
        0.6285781264305115,
        0.6360781192779541,
        0.6469218730926514,
        0.6505781412124634,
        0.6552656292915344,
        0.6577812433242798,
        0.6629843711853027,
        0.6641718745231628,
        0.6663749814033508,
        0.6703749895095825,
        0.6711406111717224,
        0.6733281016349792,
        0.6755937337875366,
        0.6768593788146973,
        0.6784843802452087,
        0.6811406016349792,
        0.681765615940094,
        0.6823750138282776,
        0.6823124885559082,
        0.6845781207084656,
        0.6854375004768372,
        0.6839531064033508,
        0.6880624890327454,
        0.6888124942779541,
        0.6896406412124634,
        0.6902031302452087,
        0.6909687519073486,
        0.6898124814033508,
        0.6909375190734863,
        0.6911406517028809,
        0.6942187547683716,
        0.6957968473434448,
        0.6943437457084656,
        0.6930000185966492,
        0.6943281292915344,
        0.6959218978881836,
        0.6958593726158142,
        0.6981093883514404,
        0.6973749995231628,
        0.7002812623977661,
        0.6978750228881836,
        0.6986406445503235,
        0.6997656226158142,
        0.702343761920929,
        0.7003281116485596,
        0.701046884059906,
        0.7018125057220459,
        0.7017343640327454,
        0.7039843797683716,
        0.7042031288146973,
        0.7030468583106995,
        0.7022812366485596,
        0.7060312628746033,
        0.7028437256813049,
        0.7033905982971191,
        0.7051249742507935,
        0.7062656283378601,
        0.7047968506813049,
        0.7058905959129333,
        0.7054374814033508,
        0.7055156230926514,
        0.7070156335830688,
        0.706656277179718,
        0.7070468664169312,
        0.7075625061988831,
        0.7083906531333923,
        0.7081406116485596,
        0.7073125243186951,
        0.7083125114440918,
        0.7084375023841858,
        0.7094218730926514
    ],
    "loss": [
        0.6727482080459595,
        0.6503849625587463,
        0.6411392688751221,
        0.6341164708137512,
        0.627302885055542,
        0.6228691339492798,
        0.6184627413749695,
        0.6143743395805359,
        0.612508237361908,
        0.6070698499679565,
        0.6055235266685486,
        0.6039170622825623,
        0.6022846698760986,
        0.6000211238861084,
        0.5990682244300842,
        0.5980979800224304,
        0.593929648399353,
        0.5942129492759705,
        0.5926944017410278,
        0.5922644138336182,
        0.5909883975982666,
        0.5903136730194092,
        0.5878108739852905,
        0.5880619287490845,
        0.5865947008132935,
        0.5835845470428467,
        0.5839579701423645,
        0.5827966332435608,
        0.5811743140220642,
        0.5815555453300476,
        0.5806140899658203,
        0.5818924307823181,
        0.5782240629196167,
        0.5782697200775146,
        0.5770407915115356,
        0.5778389573097229,
        0.5754478573799133,
        0.5752447247505188,
        0.5744429230690002,
        0.5746059417724609,
        0.5727559328079224,
        0.5721294283866882,
        0.5717063546180725,
        0.5718093514442444,
        0.5723015069961548,
        0.5703500509262085,
        0.569881796836853,
        0.569579541683197,
        0.5696595907211304,
        0.5677348971366882,
        0.5666532516479492,
        0.5661028623580933,
        0.566908597946167,
        0.5681545734405518,
        0.566545844078064,
        0.566394567489624,
        0.5659542679786682,
        0.5651849508285522,
        0.5656922459602356,
        0.5641283988952637,
        0.5644026398658752,
        0.5640617609024048,
        0.5639382600784302,
        0.5621539950370789,
        0.5635004639625549,
        0.5614619255065918,
        0.5610910654067993,
        0.55960613489151,
        0.5608174800872803,
        0.5599555373191833,
        0.5596811175346375,
        0.5587220788002014,
        0.5578935146331787
    ],
    "val_accuracy": [
        0.6041874885559082,
        0.6317499876022339,
        0.637374997138977,
        0.6476250290870667,
        0.6473125219345093,
        0.6583124995231628,
        0.663937509059906,
        0.6659374833106995,
        0.6665624976158142,
        0.663937509059906,
        0.6690000295639038,
        0.6720625162124634,
        0.6724374890327454,
        0.6790000200271606,
        0.6731874942779541,
        0.6753749847412109,
        0.6731874942779541,
        0.6743749976158142,
        0.6748124957084656,
        0.6778125166893005,
        0.6759999990463257,
        0.6834375262260437,
        0.6770625114440918,
        0.6860625147819519,
        0.6791874766349792,
        0.6846874952316284,
        0.6859375238418579,
        0.682937502861023,
        0.6804375052452087,
        0.6813750267028809,
        0.6821249723434448,
        0.6834999918937683,
        0.6785625219345093,
        0.6831874847412109,
        0.6875625252723694,
        0.6851249933242798,
        0.6818125247955322,
        0.6901249885559082,
        0.6865000128746033,
        0.682812511920929,
        0.6790624856948853,
        0.6810625195503235,
        0.684374988079071,
        0.6824374794960022,
        0.6816250085830688,
        0.6803749799728394,
        0.6880000233650208,
        0.6890000104904175,
        0.6833124756813049,
        0.6823750138282776,
        0.6851875185966492,
        0.6851249933242798,
        0.6866250038146973,
        0.6810625195503235,
        0.6833124756813049,
        0.6845625042915344,
        0.6858124732971191,
        0.6865624785423279,
        0.6869375109672546,
        0.684249997138977,
        0.6809999942779541,
        0.6825624704360962,
        0.6861875057220459,
        0.6849374771118164,
        0.6886249780654907,
        0.6909375190734863,
        0.6898124814033508,
        0.6817499995231628,
        0.6806874871253967,
        0.6873124837875366,
        0.6832500100135803,
        0.6882500052452087,
        0.6868749856948853
    ],