{
    "accuracy": [
        0.5695156455039978,
        0.6176562309265137,
        0.6287656426429749,
        0.6379531025886536,
        0.6431406140327454,
        0.6491405963897705,
        0.6531093716621399,
        0.6549375057220459,
        0.6579375267028809,
        0.6620625257492065,
        0.6648906469345093,
        0.6654375195503235,
        0.6695781350135803,
        0.6703281402587891,
        0.6714687347412109,
        0.6713125109672546,
        0.6765468716621399,
        0.6752969026565552,
        0.6799530982971191,
        0.6805781126022339,
        0.6811562776565552,
        0.6828749775886536,
        0.6819218993186951,
        0.6830781102180481,
        0.6858593821525574,
        0.6877187490463257,
        0.6880781054496765,
        0.6897500157356262,
        0.6892656087875366,
        0.6914218664169312,
        0.6914218664169312,
        0.6928281188011169,
        0.6934375166893005,
        0.6960781216621399,
        0.6924062371253967,
        0.6946406364440918,
        0.6924375295639038,
        0.6974999904632568,
        0.6952343583106995,
        0.6978437304496765,
        0.6985937356948853,
        0.6972500085830688,
        0.6985468864440918,
        0.6982499957084656,
        0.7001093626022339,
        0.6991249918937683,
        0.6990468502044678,
        0.7003750205039978,
        0.7000312209129333,
        0.700265645980835,
        0.7019062638282776,
        0.702875018119812,
        0.7045937776565552,
        0.7046718597412109,
        0.7046406269073486,
        0.7032343745231628,
        0.704953134059906,
        0.7042499780654907
    ],
    "loss": [
        0.6746828556060791,
        0.6493878364562988,
        0.6396419405937195,
        0.633412778377533,
        0.6292253136634827,
        0.6245107054710388,
        0.6210218667984009,
        0.6170389652252197,
        0.6151549816131592,
        0.6120113134384155,
        0.6091508269309998,
        0.6089568734169006,
        0.605665385723114,
        0.603302538394928,
        0.6021097302436829,
        0.6006961464881897,
        0.5979198217391968,
        0.5965731143951416,
        0.5944349765777588,
        0.5944761633872986,
        0.5935658812522888,
        0.5913106203079224,
        0.5897518992424011,
        0.5881128907203674,
        0.5866164565086365,
        0.5856388807296753,
        0.5854380130767822,
        0.5834240913391113,
        0.5826314091682434,
        0.5809537172317505,
        0.5809754729270935,
        0.5801202654838562,
        0.5793551206588745,
        0.5781424045562744,
        0.5790326595306396,
        0.5766962766647339,
        0.576974093914032,
        0.5751518607139587,
        0.5754930377006531,
        0.5730267763137817,
        0.5744310021400452,
        0.5739981532096863,
        0.5728660821914673,
        0.5726556181907654,
        0.5712345838546753,
        0.569523811340332,
        0.5696029663085938,
        0.5695871710777283,
        0.5700255036354065,
        0.5698378086090088,
        0.5674547553062439,
        0.5677345991134644,
        0.5664107203483582,
        0.566047191619873,
        0.5654844641685486,
        0.5660333633422852,
        0.5656535625457764,
        0.5644808411598206
    ],
    "val_accuracy": [
        0.6084374785423279,
        0.6310625076293945,
        0.6408125162124634,
        0.6328125,
        0.6475625038146973,
        0.6578124761581421,
        0.6595625281333923,
        0.6637499928474426,
        0.6570624709129333,
        0.6658124923706055,
        0.6668124794960022,
        0.6659374833106995,
        0.6763749718666077,
        0.6725624799728394,
        0.6713125109672546,
        0.6723750233650208,
        0.6816250085830688,
        0.6765000224113464,
        0.6776250004768372,
        0.6819375157356262,
        0.6747499704360962,
        0.679312527179718,
        0.6835625171661377,
        0.6807500123977661,
        0.6820625066757202,
        0.6821874976158142,
        0.6847500205039978,
        0.6758124828338623,
        0.679312527179718,
        0.6850000023841858,
        0.6805624961853027,
        0.6866250038146973,
        0.6815000176429749,
        0.6823750138282776,
        0.6865000128746033,
        0.6863124966621399,
        0.6873124837875366,
        0.6880624890327454,
        0.6835625171661377,
        0.6886875033378601,
        0.6880000233650208,
        0.687375009059906,
        0.6862499713897705,
        0.6861249804496765,
        0.6855624914169312,
        0.6825624704360962,
        0.6844375133514404,
        0.6830000281333923,
        0.6841874718666077,
        0.6841250061988831,
        0.6841250061988831,
        0.6901249885559082,
        0.6875625252723694,
        0.6884375214576721,
        0.6836875081062317,
        0.6848124861717224,
        0.6838124990463257,
        0.6836875081062317
    ],
    "val_loss": [
        0.6547819375991821,
        0.6380857825279236,
        0.6309179067611694,
        0.63959139585495,
        0.6263206005096436,
        0.6242865920066833,
        0.6141886115074158,
        0.6135132908821106,
        0.6163305044174194,
        0.6104921698570251,
        0.6073856353759766,
        0.6078857779502869,
        0.6023034453392029,
        0.6039965152740479,
        0.6028218269348145,
        0.6062769889831543,
        0.5980736613273621,
        0.5982862710952759,
        0.5932648181915283,
        0.5954955816268921,
        0.5964609980583191,
        0.5954835414886475,
        0.596113383769989,
        0.5930299758911133,
        0.5920317769050598,
        0.5957286357879639,
        0.5929057002067566,
        0.5927673578262329,
        0.5933524966239929,
        0.5899266004562378,
        0.59001624584198,
        0.5911656022071838,
        0.590164303779602,
        0.5916422605514526,
        0.5883838534355164,
        0.5868521332740784,
        0.5848612189292908,
        0.5844269394874573,
        0.5897058844566345,
        0.585921585559845,
        0.5869365930557251,
        0.5871917009353638,
        0.5909786820411682,
        0.5860727429389954,
        0.5855215191841125,
        0.5901267528533936,
        0.5907866954803467,
        0.5914720892906189,
        0.5881313681602478,
        0.58929044008255,
        0.586504340171814,
        0.5871384143829346,
        0.5864648222923279,
        0.5897296071052551,
        0.5845128297805786,
        0.5844612717628479,
        0.5872415900230408,
        0.5871485471725464
    ]
}