{
    "accuracy": [
        0.5563593506813049,
        0.5867656469345093,
        0.6007656455039978,
        0.6076093912124634,
        0.6147500276565552,
        0.6213281154632568,
        0.6263906359672546,
        0.6302187442779541,
        0.6325937509536743,
        0.6367812752723694,
        0.6379843950271606,
        0.6410781145095825,
        0.6414218544960022,
        0.6450937390327454,
        0.6443750262260437,
        0.6470000147819519,
        0.6451249718666077,
        0.6499687433242798,
        0.648812472820282,
        0.6486406326293945,
        0.6525468826293945,
        0.6505312323570251,
        0.6531718969345093,
        0.6514999866485596,
        0.6548281311988831,
        0.6524999737739563,
        0.6551562547683716,
        0.6535000205039978,
        0.656374990940094,
        0.6567500233650208,
        0.6561406254768372,
        0.657828152179718,
        0.6586250066757202,
        0.6577031016349792,
        0.6582499742507935,
        0.6598437428474426,
        0.6596249938011169,
        0.660812497138977,
        0.6593437790870667,
        0.662234365940094,
        0.6620000004768372,
        0.6609531044960022,
        0.6590937376022339,
        0.6622499823570251,
        0.6597187519073486,
        0.6614999771118164,
        0.660406231880188,
        0.6623437404632568,
        0.6659530997276306,
        0.6609843969345093,
        0.6631406545639038,
        0.6637031435966492,
        0.6619687676429749,
        0.6649218797683716,
        0.6646406054496765,
        0.6645781397819519,
        0.6658750176429749,
        0.6638749837875366,
        0.6652500033378601,
        0.6646562218666077,
        0.6649062633514404,
        0.6667031049728394,
        0.6654843688011169,
        0.6660312414169312,
        0.6637812256813049,
        0.6665781140327454,
        0.6660312414169312,
        0.6652500033378601,
        0.6654062271118164,
        0.6678281426429749,
        0.6675312519073486,
        0.6668593883514404,
        0.6668750047683716
    ],
    "loss": [
        0.6888676285743713,
        0.6684527397155762,
        0.6609770655632019,
        0.6565337777137756,
        0.6504045128822327,
        0.6458600759506226,
        0.6426243782043457,
        0.639298141002655,
        0.6368480324745178,
        0.6343060731887817,
        0.6333763599395752,
        0.6314259767532349,
        0.6288279294967651,
        0.6287660002708435,
        0.6275600790977478,
        0.6259653568267822,
        0.6261453032493591,
        0.6245036721229553,
        0.622847855091095,
        0.6224942207336426,
        0.6219543218612671,
        0.6215075254440308,
        0.6193541288375854,
        0.6203286647796631,
        0.6195982098579407,
        0.6194049715995789,
        0.6183934807777405,
        0.6182981133460999,
        0.6171599626541138,
        0.6179893612861633,
        0.6169755458831787,
        0.616537868976593,
        0.6148680448532104,
        0.614348292350769,
        0.6153167486190796,
        0.6153116822242737,
        0.614224374294281,
        0.6137717366218567,
        0.6138970851898193,
        0.6132365465164185,
        0.6120519042015076,
        0.6135870218276978,
        0.6125843524932861,
        0.6123803853988647,
        0.6135568022727966,
        0.6113316416740417,
        0.6120620965957642,
        0.610880970954895,
        0.6103466153144836,
        0.6108307838439941,
        0.6099299788475037,
        0.6103340983390808,
        0.6097074747085571,
        0.6083132028579712,
        0.6099382638931274,
        0.6075354814529419,
        0.6094395518302917,
        0.6085612177848816,
        0.6073204874992371,
        0.6082724928855896,
        0.6089649200439453,
        0.6067494750022888,
        0.6089200973510742,
        0.6070966720581055,
        0.6071857810020447,
        0.6058477163314819,
        0.6071072816848755,
        0.6071157455444336,
        0.6074396371841431,
        0.606320321559906,
        0.6056821942329407,
        0.6055091023445129,
        0.6064826846122742
    ],
    "val_accuracy": [
        0.5710625052452087,
        0.6033124923706055,
        0.6028749942779541,
        0.6153125166893005,
        0.624750018119812,
        0.6292499899864197,
        0.635812520980835,
        0.6388750076293945,
        0.6445000171661377,
        0.6467499732971191,
        0.6446874737739563,
        0.6458749771118164,
        0.6471250057220459,
        0.6499999761581421,
        0.6493124961853027,
        0.6493124961853027,
        0.6499375104904175,
        0.6499375104904175,
        0.6477500200271606,
        0.6496250033378601,
        0.6539999842643738,
        0.6545624732971191,
        0.651562511920929,
        0.6520624756813049,
        0.6537500023841858,
        0.6542500257492065,
        0.6576874852180481,
        0.653249979019165,
        0.6580625176429749,
        0.6569374799728394,
        0.6558125019073486,
        0.6553124785423279,
        0.6568750143051147,
        0.656374990940094,
        0.6576250195503235,
        0.6603749990463257,
        0.6571249961853027,
        0.6621249914169312,
        0.6590625047683716,
        0.6628124713897705,
        0.6605625152587891,
        0.6606875061988831,
        0.6579375267028809,
        0.6646249890327454,
        0.6611875295639038,
        0.6603124737739563,
        0.6628749966621399,
        0.6604999899864197,
        0.6631875038146973,
        0.6629375219345093,
        0.6635624766349792,
        0.6635624766349792,
        0.6654999852180481,
        0.6631249785423279,
        0.659375011920929,
        0.6616874933242798,
        0.659500002861023,
        0.6637499928474426,
        0.6620625257492065,
        0.6596875190734863,
        0.663687527179718,
        0.6618750095367432,
        0.6626250147819519,
        0.6612499952316284,
        0.6556875109672546,
        0.6627500057220459,
        0.663812518119812,
        0.6617500185966492,
        0.6625624895095825,
        0.6658750176429749,
        0.656624972820282,
        0.6598125100135803,
        0.6617500185966492
    ],