{
    "accuracy": [
        0.5814843773841858,
        0.613406240940094,
        0.6279218792915344,
        0.6388593912124634,
        0.646359384059906,
        0.6508593559265137,
        0.6549375057220459,
        0.6573593616485596,
        0.6611093878746033,
        0.6636250019073486,
        0.6639531254768372,
        0.6656562685966492,
        0.6700624823570251,
        0.6706093549728394,
        0.6708593964576721,
        0.6728281378746033,
        0.6736875176429749,
        0.6736875176429749,
        0.677734375,
        0.6779531240463257,
        0.6792500019073486,
        0.6785937547683716,
        0.679312527179718,
        0.681390643119812,
        0.6805468797683716,
        0.6806718707084656,
        0.683718740940094,
        0.6851093769073486,
        0.6827812790870667,
        0.6849218606948853,
        0.6832343935966492,
        0.6845625042915344,
        0.6850625276565552,
        0.6850781440734863,
        0.6862656474113464,
        0.6886562705039978,
        0.6878125071525574,
        0.6871093511581421,
        0.688156247138977,
        0.6871562600135803,
        0.6912656426429749,
        0.6893125176429749,
        0.6919843554496765,
        0.6929531097412109,
        0.6893749833106995,
        0.6905937790870667,
        0.691031277179718,
        0.6919375061988831,
        0.6913750171661377,
        0.6938124895095825,
        0.6925625205039978,
        0.6959062218666077,
        0.6930937767028809,
        0.6959999799728394,
        0.6942812204360962,
        0.6963437795639038,
        0.6947343945503235,
        0.6941093802452087,
        0.6967031359672546,
        0.6961093544960022,
        0.6990000009536743,
        0.6972968578338623
    ],
    "loss": [
        0.6700398325920105,
        0.6499431133270264,
        0.6405228972434998,
        0.632400393486023,
        0.626762866973877,
        0.6233631372451782,
        0.6183300614356995,
        0.6165598034858704,
        0.6129262447357178,
        0.6103684306144714,
        0.6083992719650269,
        0.6067094206809998,
        0.6057126522064209,
        0.6039336323738098,
        0.6038389205932617,
        0.6005812287330627,
        0.6005094647407532,
        0.5988491773605347,
        0.5974816679954529,
        0.5966814756393433,
        0.5949669480323792,
        0.5951477289199829,
        0.5939973592758179,
        0.5922072529792786,
        0.5926084518432617,
        0.5916503071784973,
        0.5901793837547302,
        0.5892108678817749,
        0.5888158082962036,
        0.5882430672645569,
        0.5872201323509216,
        0.5869931578636169,
        0.5867561101913452,
        0.5856702327728271,
        0.5851758718490601,
        0.5838122367858887,
        0.5841969847679138,
        0.5837825536727905,
        0.5832417607307434,
        0.5837835073471069,
        0.5814487934112549,
        0.5826757550239563,
        0.5806892514228821,
        0.5797614455223083,
        0.5804970860481262,
        0.5804109573364258,
        0.5786609053611755,
        0.5781374573707581,
        0.5785048007965088,
        0.5774572491645813,
        0.576884388923645,
        0.5759874582290649,
        0.5765529274940491,
        0.5758787989616394,
        0.576431393623352,
        0.5747984051704407,
        0.5756404995918274,
        0.5746313333511353,
        0.5737200379371643,
        0.573613166809082,
        0.571884274482727,
        0.572989284992218
    ],
    "val_accuracy": [
        0.6119375228881836,
        0.6268749833106995,
        0.6386250257492065,
        0.6403124928474426,
        0.6492499709129333,
        0.6600624918937683,
        0.6567500233650208,
        0.6530625224113464,
        0.660812497138977,
        0.6537500023841858,
        0.6740624904632568,
        0.6610000133514404,
        0.6691874861717224,
        0.6678749918937683,
        0.6696875095367432,
        0.664187490940094,
        0.6672499775886536,
        0.6731250286102295,
        0.6645625233650208,
        0.6712499856948853,
        0.6699374914169312,
        0.6748124957084656,
        0.6696249842643738,
        0.6759999990463257,
        0.672249972820282,
        0.6763125061988831,
        0.6692500114440918,
        0.6784374713897705,
        0.6725000143051147,
        0.6726874709129333,
        0.6787499785423279,
        0.6807500123977661,
        0.6759374737739563,
        0.672249972820282,
        0.6749374866485596,
        0.6785625219345093,
        0.6766250133514404,
        0.6816874742507935,
        0.6663749814033508,
        0.6783124804496765,
        0.6778749823570251,
        0.6789374947547913,
        0.6801875233650208,
        0.6838124990463257,
        0.6742500066757202,
        0.6736249923706055,
        0.6770625114440918,
        0.6754375100135803,
        0.6784374713897705,
        0.6754375100135803,
        0.679312527179718,
        0.6816874742507935,
        0.6735625267028809,
        0.6793749928474426,
        0.6732500195503235,
        0.6804999709129333,
        0.680062472820282,
        0.6772500276565552,
        0.6790000200271606,
        0.6776250004768372,
        0.6786875128746033,
        0.6760625243186951
    ],
    "val_loss": [
        0.6512002348899841,
        0.6387802362442017,
        0.6332523822784424,
        0.627874493598938,
        0.6211585402488708,
        0.6167606115341187,
        0.6148743033409119,
        0.6253151893615723,
        0.6132379770278931,
        0.6194788217544556,
        0.6036629676818848,
        0.6137390732765198,
        0.6058456301689148,
        0.6078980565071106,
        0.6087024807929993,
        0.617518424987793,
        0.6088303327560425,
        0.6033579111099243,
        0.6110059022903442,
        0.6042898893356323,
        0.6039273738861084,
        0.6014680862426758,
        0.6034244298934937,
        0.5984539985656738,
        0.6024423241615295,
        0.5985441207885742,
        0.6030725836753845,
        0.5976688861846924,
        0.6037778258323669,
        0.6023288369178772,
        0.5967497825622559,
        0.5954666137695312,
        0.6017512083053589,
        0.6026662588119507,
        0.5999457240104675,
        0.5961931347846985,
        0.5977059602737427,
        0.5952597856521606,
        0.6079393625259399,
        0.5937535166740417,
        0.5966135263442993,
        0.5932549834251404,
        0.59489905834198,
        0.5946021676063538,
        0.6061927080154419,
        0.5980257987976074,
        0.5945225358009338,
        0.5972990393638611,
        0.5951493382453918,
        0.5947502255439758,
        0.59410160779953,
        0.5950549840927124,
        0.6055309772491455,
        0.5936940312385559,
        0.5975855588912964,
        0.5939310789108276,
        0.5959011912345886,
        0.5971481204032898,
        0.5953946113586426,
        0.5970593690872192,
        0.5987614393234253,
        0.5947791934013367
    ]
}