{
    "accuracy": [
        0.5753124952316284,
        0.616281270980835,
        0.6277812719345093,
        0.6402187347412109,
        0.646359384059906,
        0.6505468487739563,
        0.6543906331062317,
        0.6563437581062317,
        0.6586874723434448,
        0.6615312695503235,
        0.6627968549728394,
        0.6640781164169312,
        0.6692187786102295,
        0.6702499985694885,
        0.6702031493186951,
        0.6718437671661377,
        0.6731874942779541,
        0.6733281016349792,
        0.6755781173706055,
        0.6775937676429749,
        0.6774374842643738,
        0.6782187223434448,
        0.6791874766349792,
        0.6795937418937683,
        0.6806718707084656,
        0.682687520980835,
        0.6829218864440918,
        0.6816718578338623,
        0.6837499737739563,
        0.6840156316757202,
        0.6877031326293945,
        0.6859062314033508,
        0.6868749856948853,
        0.6871562600135803,
        0.6863906383514404,
        0.6885781288146973,
        0.6889374852180481,
        0.687375009059906,
        0.6872656345367432,
        0.6886406540870667,
        0.6896406412124634,
        0.6882500052452087,
        0.6901875138282776,
        0.689828097820282,
        0.6895937323570251,
        0.6908593773841858,
        0.6935155987739563,
        0.6937656402587891,
        0.6946718692779541,
        0.6930156350135803,
        0.6945624947547913,
        0.6935155987739563,
        0.6953125,
        0.6943125128746033,
        0.694265604019165,
        0.6941249966621399,
        0.6971250176429749
    ],
    "loss": [
        0.6727413535118103,
        0.650094747543335,
        0.6396890878677368,
        0.6328063011169434,
        0.6273009777069092,
        0.622999370098114,
        0.6196838617324829,
        0.6176099181175232,
        0.6143622994422913,
        0.6122626066207886,
        0.6112498044967651,
        0.6086175441741943,
        0.6056222319602966,
        0.6034327745437622,
        0.6026513576507568,
        0.6027306318283081,
        0.6007511019706726,
        0.5999911427497864,
        0.5982154011726379,
        0.5965858101844788,
        0.5950263142585754,
        0.5948392152786255,
        0.5944133996963501,
        0.5946748852729797,
        0.5930353999137878,
        0.5918547511100769,
        0.591349184513092,
        0.5906930565834045,
        0.5900010466575623,
        0.5888504981994629,
        0.5874049663543701,
        0.5878401398658752,
        0.5863978266716003,
        0.5860044360160828,
        0.5857332348823547,
        0.5851210355758667,
        0.583686351776123,
        0.5844489932060242,
        0.5837625861167908,
        0.5827640295028687,
        0.5832045674324036,
        0.5828254818916321,
        0.5832246541976929,
        0.5810461640357971,
        0.5812550187110901,
        0.5813254117965698,
        0.5789974331855774,
        0.5782023668289185,
        0.5778064727783203,
        0.578050434589386,
        0.5771766304969788,
        0.5779512524604797,
        0.5767662525177002,
        0.5768149495124817,
        0.5765947699546814,
        0.5769364833831787,
        0.5755988359451294
    ],
    "val_accuracy": [
        0.6051250100135803,
        0.6084374785423279,
        0.6381250023841858,
        0.645187497138977,
        0.6341875195503235,
        0.6595625281333923,
        0.6583124995231628,
        0.6579375267028809,
        0.6552500128746033,
        0.6631875038146973,
        0.6659374833106995,
        0.6614375114440918,
        0.6632500290870667,
        0.667187511920929,
        0.6733750104904175,
        0.6705625057220459,
        0.6679999828338623,
        0.6697499752044678,
        0.6725624799728394,
        0.6760625243186951,
        0.6682500243186951,
        0.671500027179718,
        0.6700000166893005,
        0.6737499833106995,
        0.6725624799728394,
        0.6719375252723694,
        0.6763125061988831,
        0.6768125295639038,
        0.6736875176429749,
        0.671750009059906,
        0.6780624985694885,
        0.6785625219345093,
        0.6779999732971191,
        0.6743124723434448,
        0.6781874895095825,
        0.6783750057220459,
        0.6794999837875366,
        0.6749374866485596,
        0.6650000214576721,
        0.6698125004768372,
        0.6744375228881836,
        0.6814374923706055,
        0.6809999942779541,
        0.682937502861023,
        0.6818125247955322,
        0.6809375286102295,
        0.6817499995231628,
        0.6772500276565552,
        0.6807500123977661,
        0.6791874766349792,
        0.6796875,
        0.6791874766349792,
        0.6770625114440918,
        0.6728125214576721,
        0.6776250004768372,
        0.679312527179718,
        0.6811249852180481
    ],
    "val_loss": [
        0.6549912095069885,
        0.6505907773971558,
        0.6317164301872253,
        0.6258938312530518,
        0.6487569808959961,
        0.6141767501831055,
        0.6149651408195496,
        0.6204802393913269,
        0.6207749247550964,
        0.6108673214912415,
        0.6080148220062256,
        0.6152377724647522,
        0.6100234389305115,
        0.6111509203910828,
        0.6024190783500671,
        0.6038529276847839,
        0.609691858291626,
        0.6045877933502197,
        0.5996636152267456,
        0.6001296043395996,
        0.6020967960357666,
        0.6027491092681885,
        0.5999151468276978,
        0.60019850730896,
        0.6023871898651123,
        0.6027461290359497,
        0.6007552146911621,
        0.597224771976471,
        0.5993677973747253,
        0.5996147990226746,
        0.5945111513137817,
        0.5941515564918518,
        0.5976676344871521,
        0.5961305499076843,
        0.5957688093185425,
        0.5944860577583313,
        0.5931049585342407,
        0.5972169637680054,
        0.6054444313049316,
        0.6021711230278015,
        0.5965718030929565,
        0.5942833423614502,
        0.5977098345756531,
        0.5942620635032654,
        0.5937499403953552,
        0.5960050225257874,
        0.5933829545974731,
        0.5986541509628296,
        0.5943085551261902,
        0.5953019261360168,
        0.5987281203269958,
        0.5934112668037415,
        0.5975632667541504,
        0.604774534702301,
        0.5984714031219482,
        0.6007238030433655,
        0.5949491262435913
    ]
}