{
    "accuracy": [
        0.5789218544960022,
        0.6167812347412109,
        0.6314374804496765,
        0.6402968764305115,
        0.647390604019165,
        0.6520156264305115,
        0.6556718945503235,
        0.6583124995231628,
        0.6617500185966492,
        0.6645312309265137,
        0.6656562685966492,
        0.6667187213897705,
        0.6691718697547913,
        0.6691250205039978,
        0.6712968945503235,
        0.6722968816757202,
        0.6743437647819519,
        0.6750468611717224,
        0.6767343878746033,
        0.677609384059906,
        0.6769843697547913,
        0.6772187352180481,
        0.6797187328338623,
        0.6811718940734863,
        0.6805781126022339,
        0.6812343597412109,
        0.682421863079071,
        0.6833750009536743,
        0.6829531192779541,
        0.6858593821525574,
        0.6830156445503235,
        0.6854687333106995,
        0.6853593587875366,
        0.6872031092643738,
        0.6870781183242798,
        0.6884999871253967,
        0.6877343654632568,
        0.6883593797683716,
        0.6902812719345093,
        0.6891250014305115,
        0.6913124918937683,
        0.6909687519073486,
        0.6906093955039978,
        0.6912031173706055,
        0.6934687495231628,
        0.6919531226158142,
        0.6912968754768372,
        0.6924843788146973,
        0.6921562552452087,
        0.6921093463897705,
        0.6939062476158142,
        0.6928281188011169,
        0.6943906545639038,
        0.6943437457084656,
        0.6952031254768372,
        0.6968437433242798,
        0.6946250200271606,
        0.6959375143051147,
        0.6981562376022339,
        0.6956250071525574,
        0.6982031464576721,
        0.6976718902587891,
        0.6969531178474426,
        0.6965781450271606,
        0.6997812390327454,
        0.6990625262260437,
        0.6982343792915344,
        0.6984843611717224,
        0.7005000114440918,
        0.7017968893051147,
        0.7001562714576721,
        0.7030468583106995,
        0.7029062509536743,
        0.7005624771118164,
        0.7000156044960022,
        0.6992499828338623,
        0.7028437256813049,
        0.6996874809265137,
        0.7009999752044678,
        0.7020312547683716,
        0.7008437514305115,
        0.7036250233650208,
        0.7040625214576721,
        0.7043125033378601,
        0.7023125290870667,
        0.704031229019165
    ],
    "loss": [
        0.6695950031280518,
        0.6475799679756165,
        0.6374627947807312,
        0.6295855045318604,
        0.6235343813896179,
        0.6195189356803894,
        0.6169235110282898,
        0.6143321990966797,
        0.6111952662467957,
        0.6088882684707642,
        0.6080286502838135,
        0.6063472628593445,
        0.6042126417160034,
        0.6027030348777771,
        0.6012513637542725,
        0.6001430749893188,
        0.5993049144744873,
        0.5977429747581482,
        0.5966359376907349,
        0.5959838628768921,
        0.5943934321403503,
        0.5935465097427368,
        0.5930967926979065,
        0.5912757515907288,
        0.592085599899292,
        0.590430498123169,
        0.5895770192146301,
        0.5884761810302734,
        0.588086724281311,
        0.5862787365913391,
        0.5874106287956238,
        0.5867213606834412,
        0.5861138105392456,
        0.5844519138336182,
        0.5840961933135986,
        0.5827459096908569,
        0.5828123092651367,
        0.5832230448722839,
        0.5815708637237549,
        0.5813283324241638,
        0.5819932818412781,
        0.5806405544281006,
        0.5803635716438293,
        0.5800033807754517,
        0.5785329341888428,
        0.5790420770645142,
        0.5779661536216736,
        0.5774458646774292,
        0.5773266553878784,
        0.5770456790924072,
        0.5768430829048157,
        0.5754496455192566,
        0.57541823387146,
        0.574425220489502,
        0.5747240781784058,
        0.5744163393974304,
        0.5743463635444641,
        0.5743798017501831,
        0.5736117362976074,
        0.5734886527061462,
        0.571962296962738,
        0.5729957222938538,
        0.573089063167572,
        0.5718441009521484,
        0.5707871317863464,
        0.5709306001663208,
        0.570511519908905,
        0.5711652636528015,
        0.5701192021369934,
        0.5689634680747986,
        0.5697730183601379,
        0.5686935782432556,
        0.568154513835907,
        0.5683552622795105,
        0.5689495205879211,
        0.5686836838722229,
        0.5682092905044556,
        0.5687021017074585,
        0.5681244730949402,
        0.5666964650154114,
        0.5664681196212769,
        0.5662476420402527,
        0.5655360817909241,
        0.5662136077880859,
        0.5665212869644165,
        0.5647324919700623
    ],
    "val_accuracy": [
        0.5982499718666077,
        0.6158750057220459,
        0.629812479019165,
        0.6448749899864197,
        0.653249979019165,
        0.6584374904632568,
        0.6597499847412109,
        0.6616250276565552,
        0.6621249914169312,
        0.6653749942779541,
        0.6545000076293945,
        0.6617500185966492,
        0.6673750281333923,
        0.6685000061988831,
        0.6607499718666077,
        0.6701874732971191,
        0.6625624895095825,
        0.6679999828338623,
        0.6653749942779541,
        0.6646875143051147,
        0.6729999780654907,
        0.6663749814033508,
        0.6712499856948853,
        0.6755625009536743,
        0.6732500195503235,
        0.6767500042915344,
        0.6731250286102295,
        0.6723124980926514,
        0.675000011920929,
        0.6714375019073486,
        0.6759999990463257,
        0.6759374737739563,
        0.6728749871253967,
        0.6718124747276306,
        0.6750624775886536,
        0.676437497138977,
        0.6756250262260437,
        0.6710000038146973,
        0.6735625267028809,
        0.6726250052452087,
        0.6806250214576721,
        0.6748124957084656,
        0.6771249771118164,
        0.672249972820282,
        0.6770625114440918,
        0.680062472820282,
        0.6754375100135803,
        0.6756874918937683,
        0.6750624775886536,
        0.6743749976158142,
        0.6731250286102295,
        0.6797500252723694,
        0.6784999966621399,
        0.6770625114440918,
        0.6741250157356262,
        0.6753749847412109,
        0.6778749823570251,
        0.6752499938011169,
        0.6739374995231628,
        0.6760625243186951,
        0.6759999990463257,
        0.6801875233650208,
        0.6759999990463257,
        0.6780624985694885,
        0.6733124852180481,
        0.6796249747276306,
        0.6786875128746033,
        0.6798750162124634,
        0.6753749847412109,
        0.6761875152587891,
        0.6775624752044678,
        0.6809375286102295,
        0.6759999990463257,
        0.6800000071525574,
        0.679812490940094,
        0.6788750290870667,
        0.6777499914169312,
        0.6804999709129333,
        0.682812511920929,
        0.6753749847412109,
        0.6816874742507935,
        0.675000011920929,
        0.675125002861023,
        0.6786249876022339,
        0.6812499761581421,
        0.6815624833106995
    ],