{
    "accuracy": [
        0.5609531402587891,
        0.5924375057220459,
        0.604421854019165,
        0.6116874814033508,
        0.6145156025886536,
        0.6165468692779541,
        0.6174062490463257,
        0.6202968955039978,
        0.622140645980835,
        0.6230937242507935,
        0.6269062757492065,
        0.6278906464576721,
        0.6298750042915344,
        0.6290781497955322,
        0.6294375061988831,
        0.6301875114440918,
        0.631765604019165,
        0.6302343606948853,
        0.6344062685966492,
        0.6344375014305115,
        0.6362500190734863,
        0.6392031311988831,
        0.639046847820282,
        0.6398906111717224,
        0.6422343850135803,
        0.6427656412124634,
        0.6455312371253967,
        0.6463906168937683,
        0.6478593945503235,
        0.6489218473434448,
        0.6526250243186951,
        0.6477656364440918,
        0.649484395980835,
        0.6518594026565552,
        0.6503593921661377,
        0.6525781154632568,
        0.655203104019165,
        0.652718722820282,
        0.6530937552452087,
        0.6534374952316284,
        0.6553281545639038,
        0.6554999947547913,
        0.655593752861023,
        0.6565625071525574,
        0.658859372138977,
        0.6566562652587891,
        0.6602656245231628,
        0.659375011920929,
        0.6598593592643738,
        0.658578097820282,
        0.6591249704360962,
        0.6615937352180481,
        0.6604687571525574,
        0.6598281264305115,
        0.6613437533378601,
        0.6600000262260437,
        0.6626250147819519,
        0.6621249914169312,
        0.6613593697547913,
        0.6628124713897705,
        0.663015604019165,
        0.6627343893051147,
        0.6625781059265137,
        0.662765622138977,
        0.6629999876022339,
        0.6643906235694885
    ],
    "loss": [
        0.6787184476852417,
        0.663612961769104,
        0.6561107039451599,
        0.6516992449760437,
        0.6492653489112854,
        0.6477952003479004,
        0.6464089155197144,
        0.6454722285270691,
        0.643869936466217,
        0.6411940455436707,
        0.6405224204063416,
        0.6406592726707458,
        0.6387670040130615,
        0.639285147190094,
        0.6391828656196594,
        0.6370312571525574,
        0.6366129517555237,
        0.6364484429359436,
        0.6350215673446655,
        0.6337839365005493,
        0.6329553723335266,
        0.6328251361846924,
        0.6314007639884949,
        0.6314558386802673,
        0.6292552351951599,
        0.6277167201042175,
        0.6258881092071533,
        0.6246605515480042,
        0.624904453754425,
        0.6241448521614075,
        0.6236593723297119,
        0.6235536932945251,
        0.6229033470153809,
        0.6210280656814575,
        0.6207574605941772,
        0.6213530898094177,
        0.6189087629318237,
        0.6208319067955017,
        0.6193897724151611,
        0.6191328167915344,
        0.6176139116287231,
        0.616816520690918,
        0.6164732575416565,
        0.6175665855407715,
        0.6159612536430359,
        0.6158726215362549,
        0.6155819892883301,
        0.6152404546737671,
        0.6154151558876038,
        0.6147169470787048,
        0.6143950819969177,
        0.6126748919487,
        0.614445686340332,
        0.6141508221626282,
        0.6139758825302124,
        0.6132351756095886,
        0.6126289963722229,
        0.611823558807373,
        0.6122293472290039,
        0.6114001274108887,
        0.6115731000900269,
        0.6119726300239563,
        0.6117124557495117,
        0.6106238961219788,
        0.6112872958183289,
        0.6103590726852417
    ],
    "val_accuracy": [
        0.5888124704360962,
        0.6073750257492065,
        0.6155624985694885,
        0.6134999990463257,
        0.6135625243186951,
        0.6126875281333923,
        0.6189374923706055,
        0.6176875233650208,
        0.6228749752044678,
        0.6220625042915344,
        0.621874988079071,
        0.6243749856948853,
        0.6272500157356262,
        0.6266250014305115,
        0.6305624842643738,
        0.6294375061988831,
        0.629562497138977,
        0.6307500004768372,
        0.6322500109672546,
        0.6322500109672546,
        0.6373124718666077,
        0.6381250023841858,
        0.6373124718666077,
        0.6385625004768372,
        0.6388750076293945,
        0.6426249742507935,
        0.6453750133514404,
        0.6428750157356262,
        0.6463124752044678,
        0.6495624780654907,
        0.6468124985694885,
        0.6518750190734863,
        0.6536250114440918,
        0.6493750214576721,
        0.6534374952316284,
        0.6510000228881836,
        0.643875002861023,
        0.6504999995231628,
        0.6496250033378601,
        0.6501874923706055,
        0.6463750004768372,
        0.6518750190734863,
        0.6535624861717224,
        0.6518750190734863,
        0.6511250138282776,
        0.6560624837875366,
        0.6530625224113464,
        0.6498125195503235,
        0.651437520980835,
        0.6513749957084656,
        0.6509374976158142,
        0.6518124938011169,
        0.6498749852180481,
        0.6514999866485596,
        0.6543124914169312,
        0.6519374847412109,
        0.6539375185966492,
        0.6516249775886536,
        0.6516249775886536,
        0.6524375081062317,
        0.6531875133514404,
        0.6548749804496765,
        0.6523749828338623,
        0.6491249799728394,
        0.6504999995231628,
        0.6514999866485596
    ],
    "val_loss": [
        0.6642809510231018,
        0.653102457523346,
        0.6484464406967163,
        0.6509429812431335,
        0.648842453956604,
        0.6495320796966553,
        0.6449426412582397,
        0.646234393119812,
        0.6429940462112427,
        0.643218457698822,
        0.642016589641571,
        0.6398705840110779,
        0.6394789814949036,
        0.6409774422645569,
        0.6384784579277039,
        0.6374332904815674,
        0.6374610662460327,
        0.6372247338294983,
        0.6383395791053772,
        0.6372830271720886,
        0.6368680596351624,
        0.6335183382034302,
        0.6345010995864868,
        0.6342396140098572,
        0.6325483322143555,
        0.631485104560852,
        0.6295328736305237,
        0.6299964785575867,
        0.6285282969474792,
        0.625496506690979,
        0.6280519962310791,
        0.6247068047523499,
        0.6234235167503357,
        0.6240177750587463,
        0.6242019534111023,
        0.6243282556533813,
        0.6264263987541199,
        0.62468421459198,
        0.6259298920631409,
        0.6261510252952576,
        0.6250659227371216,
        0.6222482919692993,
        0.6222817897796631,
        0.6243425607681274,
        0.6243451833724976,
        0.6193300485610962,
        0.6226834654808044,
        0.6239073872566223,
        0.6244643330574036,
        0.6247767210006714,
        0.6232830882072449,
        0.6222349405288696,
        0.6228535771369934,
        0.6225948929786682,
        0.6257089972496033,
        0.6257725358009338,
        0.6237673759460449,
        0.6222545504570007,
        0.6240599751472473,
        0.6207101345062256,
        0.6223548650741577,
        0.6200973391532898,
        0.6260178685188293,
        0.6231046319007874,
        0.6221136450767517,
        0.6227813959121704
    ]
}