{
    "accuracy": [
        0.5639531016349792,
        0.5926250219345093,
        0.6004375219345093,
        0.6031249761581421,
        0.6068281531333923,
        0.6088749766349792,
        0.6127343773841858,
        0.6128281354904175,
        0.615890622138977,
        0.6166406273841858,
        0.6170312762260437,
        0.6206406354904175,
        0.621343731880188,
        0.6229531168937683,
        0.6257656216621399,
        0.6244687438011169,
        0.6262343525886536,
        0.6280937790870667,
        0.6288750171661377,
        0.6299999952316284,
        0.6301718950271606,
        0.6336718797683716,
        0.6315624713897705,
        0.6314843893051147,
        0.6340625286102295,
        0.6332656145095825,
        0.6344218850135803,
        0.635421872138977,
        0.6339531540870667,
        0.6347187757492065,
        0.636593759059906,
        0.6346094012260437,
        0.6365000009536743,
        0.6375312209129333,
        0.637499988079071,
        0.6369374990463257,
        0.637624979019165,
        0.639968752861023,
        0.6397500038146973,
        0.6403594017028809,
        0.638546884059906,
        0.6395000219345093,
        0.6392968893051147,
        0.6402968764305115,
        0.6407968997955322,
        0.6420624852180481,
        0.6423593759536743,
        0.6413750052452087,
        0.6432187557220459,
        0.6418437361717224,
        0.6419062614440918,
        0.6424219012260437,
        0.6435156464576721,
        0.6422500014305115,
        0.6421562433242798,
        0.6429218649864197,
        0.6447343826293945,
        0.6429687738418579,
        0.6441875100135803,
        0.6432031393051147,
        0.6455625295639038,
        0.6442187428474426,
        0.6440469026565552,
        0.6446718573570251,
        0.6476874947547913,
        0.6464531421661377,
        0.6445624828338623,
        0.6454530954360962,
        0.6467968821525574,
        0.6473125219345093,
        0.6470000147819519,
        0.646859347820282,
        0.6460000276565552,
        0.6444687247276306,
        0.6475156545639038,
        0.6480781435966492,
        0.6498281359672546,
        0.6482499837875366
    ],
    "loss": [
        0.6774682402610779,
        0.6631339192390442,
        0.6584768295288086,
        0.6560676097869873,
        0.6541728973388672,
        0.6518133282661438,
        0.6506412029266357,
        0.6500810384750366,
        0.648351788520813,
        0.6474578380584717,
        0.6471283435821533,
        0.6457540392875671,
        0.6437647342681885,
        0.6438842415809631,
        0.6425550580024719,
        0.6427005529403687,
        0.6411775350570679,
        0.6409602165222168,
        0.6395540237426758,
        0.6394592523574829,
        0.6383588910102844,
        0.6371619701385498,
        0.6368895173072815,
        0.637021541595459,
        0.6361690759658813,
        0.6368251442909241,
        0.6347203254699707,
        0.6344193816184998,
        0.6347324848175049,
        0.6340986490249634,
        0.6337772011756897,
        0.6336841583251953,
        0.6329899430274963,
        0.6325068473815918,
        0.6328713893890381,
        0.6317012906074524,
        0.632196843624115,
        0.6303332448005676,
        0.6311370730400085,
        0.630551278591156,
        0.6306894421577454,
        0.6295841336250305,
        0.6295086741447449,
        0.6296489238739014,
        0.6294072270393372,
        0.6293103098869324,
        0.6280214190483093,
        0.6291307806968689,
        0.6283017992973328,
        0.6271158456802368,
        0.627461850643158,
        0.629046618938446,
        0.6274979710578918,
        0.6279667019844055,
        0.627046525478363,
        0.627475917339325,
        0.6260198950767517,
        0.6264335513114929,
        0.6254129409790039,
        0.626449465751648,
        0.6257427930831909,
        0.6256927847862244,
        0.6258344054222107,
        0.6259463429450989,
        0.6243072152137756,
        0.6260389685630798,
        0.6241742968559265,
        0.6244695782661438,
        0.6231935620307922,
        0.6239098310470581,
        0.6235973834991455,
        0.6244388818740845,
        0.6243175864219666,
        0.6246136426925659,
        0.6232324242591858,
        0.6233140230178833,
        0.6218490600585938,
        0.6234859228134155
    ],
    "val_accuracy": [
        0.5918124914169312,
        0.6035000085830688,
        0.6060000061988831,
        0.6147500276565552,
        0.6184999942779541,
        0.6211875081062317,
        0.6226875185966492,
        0.6162499785423279,
        0.616937518119812,
        0.6253125071525574,
        0.6194375157356262,
        0.624750018119812,
        0.6288750171661377,
        0.629562497138977,
        0.6283125281333923,
        0.624625027179718,
        0.6290000081062317,
        0.6246874928474426,
        0.6336874961853027,
        0.6283749938011169,
        0.6340000033378601,
        0.6361874938011169,
        0.6342499852180481,
        0.6321874856948853,
        0.6388124823570251,
        0.6340625286102295,
        0.637499988079071,
        0.6340625286102295,
        0.6345624923706055,
        0.6344375014305115,
        0.6345000267028809,
        0.636062502861023,
        0.6347500085830688,
        0.6362500190734863,
        0.6305000185966492,
        0.6331250071525574,
        0.6351875066757202,
        0.6335625052452087,
        0.6328125,
        0.6391875147819519,
        0.6368749737739563,
        0.6399999856948853,
        0.635812520980835,
        0.6363750100135803,
        0.6359999775886536,
        0.632937490940094,
        0.6362500190734863,
        0.6362500190734863,
        0.6372500061988831,
        0.6353124976158142,
        0.636062502861023,
        0.6387500166893005,
        0.6361874938011169,
        0.6390625238418579,
        0.6363750100135803,
        0.6386250257492065,
        0.6341875195503235,
        0.637499988079071,
        0.6389999985694885,
        0.6401249766349792,
        0.6312500238418579,
        0.6362500190734863,
        0.6351249814033508,
        0.6379374861717224,
        0.6378124952316284,
        0.6391875147819519,
        0.6366875171661377,
        0.6418750286102295,
        0.6347500085830688,
        0.6393749713897705,
        0.640625,
        0.635937511920929,
        0.6372500061988831,
        0.6404374837875366,
        0.6373124718666077,
        0.6383749842643738,
        0.6388124823570251,
        0.6387500166893005
    ],